,comm_richness_sum,seagrass_area,seagrass_perim.area.ratio,saltmarsh_area,richness_landscape,avg_spl_low,avg_spl_high,ToadCallRate,ToadCallRateNorm
comm_richness_sum,1,0.204843745,0.017903092,0.480706123,-0.333333333,-0.119544941,-0.007511328,0.333333333,0.333333333
seagrass_area,0.204843745,1,-0.352360342,0.400989353,0.395567676,-0.671471421,0.480059709,0.991093418,0.991093418
seagrass_perim.area.ratio,0.017903092,-0.352360342,1,0.660437278,0.580736856,0.928222446,0.631656055,-0.339652883,-0.339652883
saltmarsh_area,0.480706123,0.400989353,0.660437278,1,0.655070918,0.346143359,0.862838074,0.449266634,0.449266634
richness_landscape,-0.333333333,0.395567676,0.580736856,0.655070918,1,0.330393813,0.945215862,0.333333333,0.333333333
avg_spl_low,-0.119544941,-0.671471421,0.928222446,0.346143359,0.330393813,1,0.320566104,-0.665177162,-0.665177162
avg_spl_high,-0.007511328,0.480059709,0.631656055,0.862838074,0.945215862,0.320566104,1,0.458877536,0.458877536
ToadCallRate,0.333333333,0.991093418,-0.339652883,0.449266634,0.333333333,-0.665177162,0.458877536,1,1
ToadCallRateNorm,0.333333333,0.991093418,-0.339652883,0.449266634,0.333333333,-0.665177162,0.458877536,1,1
